﻿Textbox12
From: 5/3/2020 4:30:00 PM  To:  5/4/2020 12:30:00 AM

IncidentDate,Location,Latitude1,Longitude1,IncidentTypeDescription1
5/3/2020 4:31:07 PM,901 KENWICK CT W,36.04687715,-86.96252641,ELECTRICAL HAZARD
5/3/2020 4:32:18 PM,8036 ARBOR DR,36.08249081,-86.94067952,ELECTRICAL HAZARD
5/3/2020 4:32:23 PM,119 DUE WEST AV E,36.24802948,-86.71687484,NOT ALERT COPD
5/3/2020 4:33:04 PM,630 GALLATIN PKE S,36.25649117,-86.71481656,ABDOMINAL PAIN
5/3/2020 4:33:52 PM,615 W HILLWOOD DR,36.12968971,-86.87983392,ELECTRICAL HAZARD
5/3/2020 4:33:53 PM,622 BROOK HOLLOW RD,36.11177315,-86.88808690,ELECTRICAL HAZARD
5/3/2020 4:34:19 PM,JOCELYN HOLLOW RD / BRESSLYN RD,36.10331783,-86.89808005,ELECTRICAL HAZARD
5/3/2020 4:35:01 PM,WOODLAND ST / S 7TH ST,36.17358297,-86.76033878,SEIZURE: EFFECTIVE BREATHING NOT VERIFIED >35
5/3/2020 4:36:42 PM,3000 POSTON AV ,36.14533212,-86.81535642,GENERAL ALARM COMMERCIAL   INDUSTRIAL BUILD
5/3/2020 4:37:04 PM,51ST AV N / CENTENNIAL BLVD,36.16232649,-86.84914406,ELECTRICAL HAZARD
5/3/2020 4:37:30 PM,3525 CENTRAL AV,36.13719328,-86.82527475,ELECTRICAL HAZARD
5/3/2020 4:37:40 PM,114 PROSPECT HL,36.11351304,-86.84309934,CITIZEN ASSIST UNKNOWN SITUATION
5/3/2020 4:37:53 PM,4911 ELKINS AV,36.14956595,-86.84688367,ELECTRICAL HAZARD
5/3/2020 4:38:45 PM,4313 ESTES RD,36.09759801,-86.83905099,PINNED OR TRAPPED VICTIM:
5/3/2020 4:39:11 PM,2801 WHITE OAK DR,36.12204691,-86.81216275,ELECTRICAL HAZARD
5/3/2020 4:39:18 PM,2108 W LINDEN AV,36.12774692,-86.80484648,ELECTRICAL HAZARD
5/3/2020 4:39:33 PM,2106 FAIRFAX AV ,36.13438404,-86.80214937,GENERAL ALARM COMMERCIAL   INDUSTRIAL BUILD
5/3/2020 4:39:57 PM,8715 OLD HARDING PKE,36.01252365,-87.02458404,ELECTRICAL HAZARD
5/3/2020 4:40:05 PM,188 THOMPSON LN ,36.11085927,-86.73930659,GENERAL ALARM COMMERCIAL   INDUSTRIAL BUILD
5/3/2020 4:41:02 PM,836 HILLWOOD BLVD,36.13758141,-86.87858143,ELECTRICAL HAZARD
5/3/2020 4:41:33 PM,6535 MARAUDER DR,36.14486939,-86.88856094,ELECTRICAL HAZARD
5/3/2020 4:42:01 PM,3718 WOODMONT LN,36.11183076,-86.83812955,ELECTRICAL HAZARD
5/3/2020 4:42:13 PM,1310 24TH AV S,36.14208388,-86.80394548,GENERAL ALARM COMMERCIAL   INDUSTRIAL BUILD
5/3/2020 4:43:10 PM,5105 BLUE HOLE RD,36.05228296,-86.67275210,GENERAL ALARM HIGH LIFE HAZARD
5/3/2020 4:43:33 PM,4206 BELMONT PARK TER,36.09992860,-86.80509995,ELECTRICAL HAZARD
5/3/2020 4:43:37 PM,607B LARKIN SPRINGS RD ,36.25356216,-86.68572525,GENERAL ALARM COMMERCIAL   INDUSTRIAL BUILD
5/3/2020 4:43:59 PM,102 ROSE ST,36.12313724,-86.74049252,ELECTRICAL HAZARD
5/3/2020 4:44:27 PM,517 BROOK HOLLOW RD,36.10903778,-86.88860883,ELECTRICAL HAZARD
5/3/2020 4:44:40 PM,5025 EDMONDSON PKE,36.07035391,-86.73500360,ELECTRICAL HAZARD
5/3/2020 4:45:51 PM,6007 CLOVERLAND DR,36.03042624,-86.74840252,ELECTRICAL HAZARD
5/3/2020 4:46:03 PM,SEWANEE RD / TYNE BLVD,36.08070467,-86.79905395,NO INJURIES (UNCONFIRMED OR >5 PERSONS INVOLVED
5/3/2020 4:46:03 PM,SEWANEE RD / TYNE BLVD,36.08070467,-86.79905395,NO INJURIES (UNCONFIRMED OR >5 PERSONS INVOLVED
5/3/2020 4:46:29 PM,531 DONELSON PKE ,36.14663736,-86.66577737,GENERAL ALARM COMMERCIAL   INDUSTRIAL BUILD
5/3/2020 4:46:40 PM,60 TUSCULUM RD,36.05305774,-86.67851621,RESIDENTIAL FIRE
5/3/2020 4:47:08 PM,16 N HILL ST,36.14534398,-86.76158688,ELECTRICAL HAZARD
5/3/2020 4:47:29 PM,HARDING PL / NOLENSVILLE PKE,36.07961512,-86.72632246,MVA INJURIES:
5/3/2020 4:48:18 PM,555 MARRIOTT DR ,36.15110770,-86.68992140,GENERAL ALARM COMMERCIAL   INDUSTRIAL BUILD
5/3/2020 4:48:53 PM,511 ELBA DR,36.32965577,-86.69501221,ELECTRICAL HAZARD
5/3/2020 4:49:06 PM,500 CHEYENNE BLVD,36.25961447,-86.67873307,UNCONFIRMED ENTRAPMENT SMALL BUILDING
5/3/2020 4:49:30 PM,S DOUGLAS AV / ELLIOTT AV,36.13112529,-86.78106147,ELECTRICAL HAZARD
5/3/2020 4:49:38 PM,854 KIRKWOOD AV,36.12079999,-86.78232810,ELECTRICAL HAZARD
5/3/2020 4:49:41 PM,3960 BELL RD ,36.16647754,-86.60379043,GENERAL ALARM COMMERCIAL   INDUSTRIAL BUILD
5/3/2020 4:49:41 PM,3960 BELL RD ,36.16647754,-86.60379043,GENERAL ALARM COMMERCIAL   INDUSTRIAL BUILD
5/3/2020 4:49:46 PM,8495 SYCAMORE CREEK RD,36.38730555,-86.89626601,ELECTRICAL HAZARD
5/3/2020 4:50:01 PM,513 HILL RD,36.04718108,-86.75052580,ELECTRICAL HAZARD
5/3/2020 4:50:51 PM,80 BROOKWOOD TER,36.13041375,-86.85979735,ELECTRICAL HAZARD
5/3/2020 4:51:19 PM,OLD HICKORY BLVD / EDMONDSON PKE,36.04002112,-86.74348130,MVA OTHER HAZARDS
5/3/2020 4:51:19 PM,OLD HICKORY BLVD / EDMONDSON PKE,36.04002112,-86.74348130,MVA OTHER HAZARDS
5/3/2020 4:51:45 PM,922 SUTTON HILL RD,36.11420508,-86.78295370,SMALL BUILDING INVESTIGATION
5/3/2020 4:52:15 PM,900 TOWER PL,36.09635410,-86.78684686,ELECTRICAL HAZARD
5/3/2020 4:52:45 PM,4900 DANBY DR,36.07412404,-86.74565657,ELECTRICAL HAZARD
5/3/2020 4:53:06 PM,1613 ELM RUN,36.13541502,-86.63477200,LIGHTNING STRIKE TO HOUSE
5/3/2020 4:54:59 PM,8655 WHITES CREEK PKE,36.38495815,-86.89783543,RESIDENTIAL FIRE
5/3/2020 4:55:32 PM,14TH AV N / BUCHANAN ST,36.18013621,-86.80765888,SMALL BUILDING INVESTIGATION
5/3/2020 4:55:53 PM,1706 22ND AV N,36.17741041,-86.81230619,SMALL GRASS FIRE
5/3/2020 4:56:30 PM,2044 HUTTON DR,36.12817362,-86.74946020,ELECTRICAL HAZARD
5/3/2020 4:57:01 PM,718 BRESSLYN RD,36.11888457,-86.87925385,ELECTRICAL HAZARD
5/3/2020 4:58:06 PM,903 ARBOR LAKE BLVD,36.16418316,-86.60060688,APARTMENT FIRE
5/3/2020 4:58:24 PM,808 CLOVERFIELD CT,36.02650558,-86.76139710,SMALL BUILDING INVESTIGATION
5/3/2020 4:58:53 PM,1718 STOKES LN,36.11840895,-86.80490857,ELECTRICAL HAZARD
5/3/2020 4:59:07 PM,5016 RAGLAND DR,36.07113853,-86.77079595,ELECTRICAL HAZARD
5/3/2020 4:59:33 PM,990 GREERLAND DR,36.10075419,-86.78994691,ELECTRICAL HAZARD - WIRES DOWN
5/3/2020 5:00:52 PM,5004 FRANKLIN PKE,36.07116583,-86.77332104,ELECTRICAL HAZARD
5/3/2020 5:00:56 PM,W HAMILTON RD / CLARKSVILLE PKE,36.20833954,-86.83964700,ELECTRICAL HAZARD
5/3/2020 5:01:49 PM,5944 LONG MEADOW RD,36.10846271,-86.86990983,ELECTRICAL HAZARD
5/3/2020 5:02:38 PM,2416 RIDGELAND DR,36.20122004,-86.67921010,ELECTRICAL HAZARD
5/3/2020 5:02:52 PM,110 MOCKINGBIRD RD,36.13209702,-86.83588741,HOUSE NATURAL GAS LEAK
5/3/2020 5:03:52 PM,3021 ANDERSON RD,36.07345515,-86.62148382,UNCONFIRMED ENTRAPMENT SMALL BUILDING
5/3/2020 5:04:02 PM,2303 SPRINGDALE DR,36.12283686,-86.81551276,ELECTRICAL HAZARD
5/3/2020 5:04:26 PM,3213 ALPINE AV,36.20194314,-86.82824939,ELECTRICAL HAZARD
5/3/2020 5:04:26 PM,3609 WILBUR PL,36.10820938,-86.78444377,HOUSE NATURAL GAS LEAK
5/3/2020 5:04:57 PM,1008 ANTIOCH PKE,36.09973503,-86.71616726,ELECTRICAL HAZARD
5/3/2020 5:05:31 PM,OLD LEBANON DIRT RD / CHESNEY GLEN DR,36.18900383,-86.58544552,ENTRAPMENT UNKNOWN SITUATION
5/3/2020 5:05:46 PM,3025 ANDERSON RD,36.07343277,-86.62120639,AVALANCHE INVESTIGATION
5/3/2020 5:06:03 PM,2928 SINBAD DR,36.16172185,-86.65455894,ELECTRICAL HAZARD
5/3/2020 5:06:04 PM,2030 BERNARD CIR ,36.13125958,-86.78926008,SMOKE DETECTOR ALARM COMMERCIAL   INDUSTRIAL BUILD
5/3/2020 5:07:22 PM,N NEW HOPE RD / NEW HOPE MEADOW RD,36.19064919,-86.58158472,ELECTRICAL HAZARD
5/3/2020 5:07:35 PM,407 HILLWOOD BLVD,36.13082891,-86.86713023,ELECTRICAL HAZARD
5/3/2020 5:08:46 PM,3603 RAINBOW PL,36.10770313,-86.77862101,ELECTRICAL HAZARD
5/3/2020 5:09:10 PM,4271 CENTRAL PKE,36.17386005,-86.57903182,ELECTRICAL HAZARD
5/3/2020 5:09:36 PM,S NEW HOPE RD / BELL RD,36.16062973,-86.58538560,ENTRAPMENT UNKNOWN SITUATION
5/3/2020 5:10:04 PM,5537 STANFORD DR,36.08212314,-86.83053797,ELECTRICAL HAZARD
5/3/2020 5:10:04 PM,5101 HARDING PL,36.08922009,-86.68737703,ELECTRICAL HAZARD
5/3/2020 5:10:56 PM,300 SEVEN SPRINGS WAY,36.04211693,-86.76807525,ELEVATOR MALFUNCTION   OCCUPANTS INSIDE
5/3/2020 5:11:01 PM,KINWOOD DR / FOREST VIEW DR,36.07219982,-86.62514248,ELECTRICAL HAZARD
5/3/2020 5:11:03 PM,354 BATTLE RD,35.99788895,-86.62842347,ELECTRICAL HAZARD
5/3/2020 5:11:37 PM,ELLINGTON PKWY S / E TRINITY LN,36.20470051,-86.75037333,UNKNOWN STATUS:
5/3/2020 5:12:05 PM,5037 BONNAMEADE DR,36.19685469,-86.62965478,UNKNOWN PROBLEM INVESTIGATION
5/3/2020 5:12:40 PM,7205 MARK DR,36.06584867,-86.92877244,ELECTRICAL HAZARD
5/3/2020 5:13:01 PM,741 MURFREESBORO PKE,36.13762864,-86.72940245,ELECTRICAL HAZARD
5/3/2020 5:13:06 PM,5584 SADDLEWOOD LN,36.02485568,-86.75998480,ELECTRICAL HAZARD
5/3/2020 5:13:16 PM,700 TIMBER LN,36.12197038,-86.82348438,ELECTRICAL HAZARD
5/3/2020 5:13:29 PM,20 N HILL ST,36.14534545,-86.76126269,UNKNOWN ENTRAPMENT  UNCONFIRMED
5/3/2020 5:14:01 PM,4505 BEACON DR,36.08919971,-86.84530291,ELECTRICAL HAZARD
5/3/2020 5:14:56 PM,14TH AV N / BUCHANAN ST,36.18013621,-86.80765888,UNKNOWN ENTRAPMENT  UNCONFIRMED
5/3/2020 5:16:10 PM,97 WHITE BRIDGE PKE,36.13100078,-86.85823222,ELECTRICAL HAZARD
5/3/2020 5:16:22 PM,DOWNEYMEADE DR / LEBANON PKE,36.18181447,-86.64157809,SMALL OUTSIDE FIRE
5/3/2020 5:16:31 PM,4348 CENTRAL PKE,36.17358803,-86.57258051,ELECTRICAL HAZARD
5/3/2020 5:17:06 PM,2202 SHERIDAN RD,36.19280982,-86.71478802,ELECTRICAL HAZARD
5/3/2020 5:17:09 PM,1437 BELL TRACE DR,36.04028259,-86.67078793,ENTRAPMENT / TRAPPED
5/3/2020 5:17:14 PM,632 ROXANNE DR,36.04911302,-86.69098082,ELECTRICAL HAZARD - WIRES DOWN
5/3/2020 5:17:45 PM,2951 NED SHELTON RD,36.10116536,-86.63547060,ENTRAPMENT UNKNOWN SITUATION
5/3/2020 5:17:48 PM,2025 CALDWELL DR,36.33004523,-86.70061458,CARBON MONOXIDE FIRE ALARM INVESTIGATION
5/3/2020 5:18:01 PM,415 TUSCULUM RD,36.05849071,-86.71790446,ELECTRICAL HAZARD
5/3/2020 5:18:01 PM,415 TUSCULUM RD,36.05849071,-86.71790446,ELECTRICAL HAZARD
5/3/2020 5:18:55 PM,6424 PREMIER DR,36.14708288,-86.87658029,RESIDENTIAL FIRE PERSON TRAPPED
5/3/2020 5:19:09 PM,3223 LINCOLN AV,36.20164072,-86.82984433,ELECTRICAL HAZARD
5/3/2020 5:20:18 PM,610 CONTINENTAL DR,36.14649968,-86.88782716,ELECTRICAL HAZARD
5/3/2020 5:20:23 PM,6203 CHARLOTTE PKE,36.14669909,-86.86947765,SMALL OUTSIDE FIRE
5/3/2020 5:20:25 PM,625 BENTON AV,36.13138384,-86.77062846,ELEVATOR MALFUNCTION   OCCUPANTS INSIDE
5/3/2020 5:20:40 PM,502 PATTERSON ST,36.10321608,-86.74515955,ELECTRICAL HAZARD
5/3/2020 5:21:28 PM,103 JAY ST,36.11888916,-86.74135170,ELECTRICAL HAZARD
5/3/2020 5:21:31 PM,2126 ACKLEN AV,36.13609039,-86.80361661,ELECTRICAL HAZARD
5/3/2020 5:22:33 PM,1408 VILLA PL,36.13995929,-86.79223330,ELECTRICAL HAZARD
5/3/2020 5:22:55 PM,1030 VILLA PL,36.14442790,-86.79145230,ELECTRICAL HAZARD
5/3/2020 5:23:15 PM,1853 PRIMROSE AV,36.12215492,-86.80271949,ELECTRICAL HAZARD
5/3/2020 5:25:03 PM,1651 CHICKERING RD,36.05984766,-86.87453247,ENTRAPMENT / TRAPPED
5/3/2020 5:25:12 PM,ANDREW JACKSON PKWY / HIGHLAND VIEW DR,36.20686034,-86.60563704,ELECTRICAL HAZARD
5/3/2020 5:25:14 PM,446 ANNEX AV,36.14765885,-86.88677817,ELECTRICAL HAZARD
5/3/2020 5:25:14 PM,836 BROOK HOLLOW RD,36.13198886,-86.88285758,ELECTRICAL HAZARD
5/3/2020 5:26:40 PM,1516 ELM RUN CT,36.13645177,-86.63571220,ELECTRICAL HAZARD
5/3/2020 5:26:43 PM,8449 ROLLING HILLS DR,36.08782608,-86.98454042,ELECTRICAL HAZARD
5/3/2020 5:28:03 PM,LEBANON PKE / ANDREW JACKSON PKWY,36.21513253,-86.59767570,OUTSIDE ODOR
5/3/2020 5:28:04 PM,2910 HOBSON PKE,36.09247871,-86.55537959,MAN DOWN: LIFE STATUS QUESTIONABLE
5/3/2020 5:28:07 PM,876 GLENDALE LN,36.09268303,-86.78515446,ELECTRICAL HAZARD
5/3/2020 5:28:43 PM,2410 ELLIOTT AV,36.12587174,-86.77868237,HEART PROBLEMS NOT ALERT
5/3/2020 5:28:59 PM,4341 CHICKERING LN,36.06325493,-86.86571844,ELECTRICAL HAZARD
5/3/2020 5:29:19 PM,497 RURAL HILL RD,36.08039914,-86.62517017,ELECTRICAL HAZARD
5/3/2020 5:31:19 PM,600 DRY CREEK RD,36.31208319,-86.75363372,ELECTRICAL HAZARD
5/3/2020 5:32:26 PM,SUGAR VALLEY DR / NOLENSVILLE PKE,36.01538879,-86.70567117,ELECTRICAL HAZARD
5/3/2020 5:32:37 PM,195 KENNER AV,36.11970914,-86.84124209,ELECTRICAL HAZARD
5/3/2020 5:32:49 PM,5608 STONEWAY TRL,36.13677352,-86.85897310,ELECTRICAL HAZARD
5/3/2020 5:32:52 PM,768 HAYSTACK LN,36.07168857,-86.68443153,UKNOWN ALARM APARTMENT
5/3/2020 5:33:20 PM,1155 RURAL HILL RD,36.06696733,-86.64385448,ELECTRICAL HAZARD
5/3/2020 5:35:25 PM,1208 MARITIME PORT,36.05334306,-86.59825075,RESIDENTIAL FIRE
5/3/2020 5:35:48 PM,450 ANNEX AV,36.14832882,-86.88582780,ELECTRICAL HAZARD
5/3/2020 5:36:04 PM,617 LEMONT DR,36.23475291,-86.74383664,ELECTRICAL HAZARD
5/3/2020 5:37:16 PM,2305 BERNARD AV,36.13147614,-86.80528744,ELECTRICAL HAZARD
5/3/2020 5:38:11 PM,2012 BAKERS GROVE LN,36.10313614,-86.55185982,ELECTRICAL HAZARD
5/3/2020 5:38:48 PM,BAKERS GROVE LN / BAKERS GROVE RD,36.10335598,-86.55297828,ENTRAPMENT / TRAPPED
5/3/2020 5:39:07 PM,930 INDUSTRIAL DR,36.26396822,-86.65888078,DIFFICULTY SPEAKING BETWEEN BREATHS
5/3/2020 5:39:41 PM,1516 FERGUSON AV,36.11947504,-86.79377506,ELECTRICAL HAZARD
5/3/2020 5:40:21 PM,1445 ANTIOCH PKE,36.08071677,-86.68660445,BUILDING ENTRAPMENT  UNCONFIRMED
5/3/2020 5:41:06 PM,3031 JENRY DR,36.17655200,-86.64850352,ELECTRICAL HAZARD
5/3/2020 5:41:34 PM,511 BELLE POST RD,36.10395531,-86.87126444,ELECTRICAL HAZARD
5/3/2020 5:42:01 PM,MM 211 8 I40 E,36.14892393,-86.74656695,MVA INJURIES:
5/3/2020 5:42:14 PM,1899 BAKERS GROVE RD,36.11157525,-86.56289301,ELECTRICAL HAZARD
5/3/2020 5:42:21 PM,2824 BRONTE AV,36.20032674,-86.73655085,ELECTRICAL HAZARD
5/3/2020 5:43:38 PM,2406 OAKLAND AV,36.12669327,-86.79508370,ELECTRICAL HAZARD
5/3/2020 5:44:21 PM,4608 ELKINS AV,36.15007179,-86.84298151,ELECTRICAL HAZARD
5/3/2020 5:45:23 PM,249 BONNACROFT DR,36.19837902,-86.62553451,ELECTRICAL HAZARD
5/3/2020 5:45:42 PM,2618 WOODBERRY DR,36.16063897,-86.67053808,ELECTRICAL HAZARD
5/3/2020 5:46:00 PM,5837 BEAUREGARD DR,36.06991811,-86.82223287,ELECTRICAL HAZARD
5/3/2020 5:46:24 PM,534 NORTHCREST DR,36.06681144,-86.72610621,ELECTRICAL HAZARD
5/3/2020 5:46:42 PM,1500 CLIFTON LN,36.11455478,-86.79795302,ELECTRICAL HAZARD
5/3/2020 5:47:42 PM,724 GEORGETOWN DR,36.12045218,-86.89008781,ELECTRICAL HAZARD
5/3/2020 5:48:00 PM,107 BOWLING AV,36.13912037,-86.82702673,ELECTRICAL HAZARD
5/3/2020 5:48:38 PM,1809 BEECH AV,36.13590695,-86.78085336,ELECTRICAL HAZARD
5/3/2020 5:48:38 PM,1809 BEECH AV,36.13590695,-86.78085336,ELECTRICAL HAZARD
5/3/2020 5:48:55 PM,523 HARDING PL,36.07647299,-86.73483164,ELECTRICAL HAZARD
5/3/2020 5:49:48 PM,8434 MERRYMOUNT DR,36.08417908,-86.99146368,ELECTRICAL HAZARD
5/3/2020 5:49:48 PM,8434 MERRYMOUNT DR,36.08417908,-86.99146368,ELECTRICAL HAZARD
5/3/2020 5:50:26 PM,441 HARDING PL,36.07793397,-86.73064816,ELECTRICAL HAZARD
5/3/2020 5:50:32 PM,8363 OLD CHARLOTTE PKE,36.11913905,-86.98811141,ELECTRICAL HAZARD
5/3/2020 5:50:48 PM,215 PEBBLE BROOK,36.07524723,-86.91633247,ELECTRICAL HAZARD
5/3/2020 5:51:59 PM,141 NEESE DR,36.10738860,-86.72535944,ELECTRICAL HAZARD
5/3/2020 5:52:30 PM,1445 ANTIOCH PKE,36.08071677,-86.68660445,SICK PERSON: ALTERED LEVEL OF CONSCIOUSNESS
5/3/2020 5:52:33 PM,500 PARAGON MILLS RD,36.08732133,-86.72404383,ELECTRICAL HAZARD
5/3/2020 5:52:47 PM,8515 NEWSOM STATION RD,36.08893297,-86.99153345,ELECTRICAL HAZARD
5/3/2020 5:53:53 PM,8238 EVA DR,36.19718753,-86.61007833,ABNORMAL BREATHING OTHER LUNG PROBLEMS
5/3/2020 5:53:54 PM,5004 MILLERWOOD DR,36.06296292,-86.72120330,ELECTRICAL HAZARD
5/3/2020 5:54:04 PM,2136 CLIFF DR ,36.19635966,-86.82556817,GENERAL ALARM COMMERCIAL   INDUSTRIAL BUILD
5/3/2020 5:54:09 PM,8097 OLD CHARLOTTE PKE,36.11924389,-86.97212800,ELECTRICAL HAZARD
5/3/2020 5:54:25 PM,1412 AUTUMN KNOLL,36.18667749,-86.60002875,ELECTRICAL HAZARD
5/3/2020 5:54:44 PM,1487 STEWARTS FERRY PKE,36.14434115,-86.58794601,ELECTRICAL HAZARD
5/3/2020 5:55:32 PM,BARNES RD / NOLENSVILLE PKE,36.03353462,-86.71298704,ELECTRICAL HAZARD
5/3/2020 5:56:03 PM,709 5TH AV S,36.15205545,-86.77310430,CLAMMY OR COLD SWEATS
5/3/2020 5:56:05 PM,97 WHITE BRIDGE PKE,36.13100078,-86.85823222,ELECTRICAL HAZARD
5/3/2020 5:56:36 PM,6653 JOCELYN HOLLOW RD,36.09433633,-86.91440135,ELECTRICAL HAZARD
5/3/2020 5:56:55 PM,2240 HERMAN ST,36.16245514,-86.81131756,ELECTRICAL HAZARD
5/3/2020 5:57:59 PM,506 S 7TH ST,36.16837943,-86.75762385,HIGH RISK COMPLICATIONS
5/3/2020 5:58:30 PM,5595 PETTUS RD,36.02752304,-86.67293828,ELECTRICAL HAZARD
5/3/2020 5:58:50 PM,721 ASHFIELD CT,36.04638100,-86.73581886,ELECTRICAL HAZARD
5/3/2020 5:59:05 PM,5020 MANUEL DR,36.06755403,-86.75200302,ELECTRICAL HAZARD
5/3/2020 5:59:09 PM,2215 29TH AV S,36.12942918,-86.81394058,ELECTRICAL HAZARD
5/3/2020 5:59:28 PM,7484 STACY DR,36.07735729,-86.94171233,ELECTRICAL HAZARD
5/3/2020 5:59:45 PM,2919 WELLESLEY TRC,36.11937500,-86.81262832,ELECTRICAL HAZARD
5/3/2020 5:59:50 PM,321 53RD AV N,36.15015471,-86.85144518,ELECTRICAL HAZARD
5/3/2020 6:00:57 PM,2341 DENNYWOOD DR,36.18004750,-86.68424683,ELECTRICAL HAZARD
5/3/2020 6:01:49 PM,1185 HITT LN,36.31004276,-86.73306449,FD REQUEST FROM DISPATCH
5/3/2020 6:02:10 PM,MURFREESBORO PKE / ARLINGTON AV,36.13913435,-86.73324054,CITIZEN ASSIST UNKNOWN SITUATION
5/3/2020 6:02:55 PM,1931 DABBS AV,36.14214114,-86.70457945,ELECTRICAL HAZARD
5/3/2020 6:03:16 PM,522 SCHOLARSHIP DR,36.15145057,-86.88118215,ELECTRICAL HAZARD
5/3/2020 6:03:34 PM,860 MURFREESBORO PKE,36.13454206,-86.72204234,ELECTRICAL HAZARD - WIRES DOWN
5/3/2020 6:04:56 PM,3680 TAMPA DR,36.08115229,-86.70911951,OVERDOSE UNCONSCIOUS - ACCIDENTAL
5/3/2020 6:06:22 PM,4503 CHANDLER RD,36.19607233,-86.59570994,ELECTRICAL HAZARD
5/3/2020 6:07:09 PM,357 GILLETTE RD,36.06112229,-86.70874366,ELECTRICAL HAZARD
5/3/2020 6:07:32 PM,3612 ROUNDWOOD FOREST DR,36.06541320,-86.62081302,ELECTRICAL HAZARD
5/3/2020 6:07:33 PM,634 E CAMPBELL RD,36.27647989,-86.72777447,FEVER / CHILLS
5/3/2020 6:08:38 PM,S HARPETH RD / POPLAR CREEK RD,36.04848345,-87.03980895,ELECTRICAL HAZARD
5/3/2020 6:09:07 PM,6005 DANA WAY ,36.03603644,-86.63625304,SMOKE DETECTOR ALARM COMMERCIAL   INDUSTRIAL BUILD
5/3/2020 6:09:24 PM,626 DAVIDSON RD,36.11773963,-86.88546960,ELECTRICAL HAZARD
5/3/2020 6:09:42 PM,1203 ROSEBANK CT,36.18694122,-86.71575126,ELECTRICAL HAZARD
5/3/2020 6:09:51 PM,212 MELMACK DR,36.07349074,-86.69553669,SMALL BUILDING INVESTIGATION
5/3/2020 6:09:51 PM,212 MELMACK DR,36.07349074,-86.69553669,SMALL BUILDING INVESTIGATION
5/3/2020 6:10:37 PM,1032 EDWIN WARNER DR,36.09312187,-86.87960255,CITIZEN ASSIST MEDICAL ASSISTANCE
5/3/2020 6:10:45 PM,340 PEACHTREE ST,36.12064513,-86.74898642,ENTRAPMENT UNKNOWN SITUATION
5/3/2020 6:10:53 PM,595 HICKS RD,36.08473979,-86.93702016,SMALL OUTSIDE FIRE
5/3/2020 6:11:02 PM,DANYACREST DR / LEBANON PKE,36.17993275,-86.64388558,ELECTRICAL HAZARD
5/3/2020 6:11:15 PM,114 TUCKAHOE SQ E,36.25937558,-86.76510168,SICK PERSON: ABNORMAL BREATHING
5/3/2020 6:11:17 PM,4220 HARDING PKE,36.12908906,-86.84356370,ELECTRICAL HAZARD
5/3/2020 6:15:09 PM,418 W HILLWOOD DR,36.12841995,-86.87170305,ELECTRICAL HAZARD
5/3/2020 6:15:16 PM,849 GLEN AV,36.12917256,-86.78246316,ELECTRICAL HAZARD
5/3/2020 6:15:21 PM,370 FORREST VALLEY DR,36.10574332,-86.93752312,ELECTRICAL HAZARD
5/3/2020 6:17:00 PM,I65 N / DUE WEST AV N,36.24995989,-86.74133539,MVA INJURIES:
5/3/2020 6:17:39 PM,3627 HOODS HILL RD,36.11026535,-86.81410034,ELECTRICAL HAZARD
5/3/2020 6:17:40 PM,4116 MEDIA ST,36.14542582,-86.83642581,ELECTRICAL HAZARD
5/3/2020 6:18:02 PM,2131 ELM HILL PKE,36.14878182,-86.69406233,ABNORMAL BREATHING COPD
5/3/2020 6:18:34 PM,255 WILLOW LN,36.07795631,-86.70997096,ABNORMAL BREATHING COPD
5/3/2020 6:18:53 PM,4404 HONEYWOOD DR,36.10901671,-86.85073442,ELECTRICAL HAZARD
5/3/2020 6:18:56 PM,314 WILSON BLVD S,36.12774525,-86.83353334,ELECTRICAL HAZARD
5/3/2020 6:21:24 PM,5825 CROSSINGS BLVD ,36.03631921,-86.64100880,GENERAL ALARM COMMERCIAL   INDUSTRIAL BUILD
5/3/2020 6:22:00 PM,1319 BURTON VALLEY RD,36.08539213,-86.81217875,ELECTRICAL HAZARD
5/3/2020 6:22:04 PM,5902 COLCHESTER DR,36.18233886,-86.58496049,OUTSIDE SMALL TANK LEAK    ODOR
5/3/2020 6:23:16 PM,1713 RIDGEMERE CT,36.18884386,-86.60226770,ELECTRICAL HAZARD
5/3/2020 6:23:22 PM,12331 OLD HICKORY BLVD,36.04257204,-86.58686644,ELECTRICAL HAZARD
5/3/2020 6:23:45 PM,173 JACKSONIAN DR,36.20365529,-86.63551920,ELECTRICAL HAZARD
5/3/2020 6:24:01 PM,1439 MCALPINE AV,36.21242524,-86.71200333,ELECTRICAL HAZARD
5/3/2020 6:25:21 PM,3205 LUANN DR,36.07257714,-86.62175119,ELECTRICAL HAZARD
5/3/2020 6:25:24 PM,4027 LAVERGNE COUCHVILLE PKE,36.05223349,-86.56604835,ELECTRICAL HAZARD
5/3/2020 6:26:36 PM,7837 HIGHWAY 100,36.04985791,-86.93656024,ELECTRICAL HAZARD
5/3/2020 6:26:55 PM,130 BROADMOOR DR,36.22934240,-86.75674111,BACKUP STATION
5/3/2020 6:26:59 PM,2512 NOLENSVILLE PKE,36.11850897,-86.74864307,ELECTRICAL HAZARD
5/3/2020 6:29:08 PM,641 ALBANY DR,36.20812548,-86.59773965,SICK PERSON: ALTERED LEVEL OF CONSCIOUSNESS
5/3/2020 6:29:48 PM,1509 17TH AV S,36.13894786,-86.79543267,ELECTRICAL HAZARD
5/3/2020 6:30:16 PM,553 HARDING PL,36.07700501,-86.73928064,ELECTRICAL HAZARD
5/3/2020 6:30:25 PM,2215 29TH AV S,36.12942918,-86.81394058,SMALL OUTSIDE FIRE
5/3/2020 6:31:35 PM,4400 BELMONT PARK TER,36.09935123,-86.80304729,ELECTRICAL HAZARD
5/3/2020 6:32:03 PM,5041 DOVECOTE DR,36.06901220,-86.76671729,ELECTRICAL HAZARD
5/3/2020 6:32:07 PM,207 MISTY CAPE CV,36.16177134,-86.59197412,ELECTRICAL HAZARD
5/3/2020 6:33:18 PM,HART ST / LEWIS ST,36.14223394,-86.75900937,UNCONFIRMED ENTRAPMENT SMALL BUILDING
5/3/2020 6:33:37 PM,4568 RACCOON TRL,36.19225939,-86.57746871,ELECTRICAL HAZARD
5/3/2020 6:34:51 PM,3417 LEBANON PKE,36.18872722,-86.62718271,ELECTRICAL HAZARD
5/3/2020 6:34:58 PM,5111 HARDING PL,36.08988611,-86.68710717,BACKUP STATION
5/3/2020 6:35:07 PM,1316 TULIP GROVE RD,36.17497254,-86.59562880,GENERAL ALARM APARTMENT
5/3/2020 6:35:07 PM,1316 TULIP GROVE RD,36.17497254,-86.59562880,GENERAL ALARM APARTMENT
5/3/2020 6:35:17 PM,MASSMAN DR / GLASTONBURY RD,36.13364812,-86.70239417,ELECTRICAL HAZARD
5/3/2020 6:35:17 PM,MASSMAN DR / GLASTONBURY RD,36.13364812,-86.70239417,ELECTRICAL HAZARD
5/3/2020 6:35:25 PM,105 LEXINGTON CT,36.10214738,-86.83356169,ELECTRICAL HAZARD
5/3/2020 6:35:25 PM,105 LEXINGTON CT,36.10214738,-86.83356169,ELECTRICAL HAZARD
5/3/2020 6:36:26 PM,3930 PLANTATION DR,36.20115212,-86.62830849,ELECTRICAL HAZARD
5/3/2020 6:36:27 PM,1722 CAMPBELL RD,36.31016882,-86.77429812,ENTRAPMENT / TRAPPED
5/3/2020 6:36:57 PM,608 ROCHELLE DR,36.06250923,-86.76314031,ELECTRICAL HAZARD
5/3/2020 6:36:58 PM,505 BISMARK DR,36.15688999,-86.69775371,ABNORMAL BREATHING
5/3/2020 6:37:25 PM,522 STARLINER DR,36.14740595,-86.88312218,ELECTRICAL HAZARD
5/3/2020 6:37:57 PM,2531 GLENROSE AV,36.11812849,-86.72850641,GENERAL ALARM APARTMENT
5/3/2020 6:39:21 PM,916 W EASTLAND AV,36.18491818,-86.75654184,ELECTRICAL HAZARD
5/3/2020 6:39:26 PM,BARNES RD / CEDARMONT DR,36.03243983,-86.70816764,ELECTRICAL HAZARD
5/3/2020 6:39:44 PM,905 KABLE CIR,36.01945863,-86.72442201,CITIZEN ASSIST
5/3/2020 6:40:20 PM,5655 FRIST BLVD,36.17576892,-86.60775527,CRITICAL TRANSFER
5/3/2020 6:40:40 PM,303 50TH AV N,36.14889722,-86.84737449,ELECTRICAL HAZARD
5/3/2020 6:42:09 PM,11 MUSIC CIR N,36.15041144,-86.79089155,ELECTRICAL HAZARD
5/3/2020 6:42:10 PM,12TH AV S / SWEETBRIAR AV,36.12406036,-86.78974362,ELECTRICAL HAZARD
5/3/2020 6:43:01 PM,2112 19TH AV S,36.13109244,-86.79842885,ELECTRICAL HAZARD
5/3/2020 6:43:38 PM,845 OTTER CREEK RD,36.06239453,-86.78145556,ELECTRICAL HAZARD
5/3/2020 6:43:53 PM,236 BLACKMAN RD,36.07453249,-86.73656573,ELECTRICAL HAZARD
5/3/2020 6:44:12 PM,718 TEMPLETON DR,36.12568303,-86.88766095,ELECTRICAL HAZARD
5/3/2020 6:44:27 PM,4491 CHANDLER RD,36.19580073,-86.59796489,ELECTRICAL HAZARD
5/3/2020 6:44:52 PM,271 HOLT HILLS RD,36.02690786,-86.72511484,ELECTRICAL HAZARD
5/3/2020 6:45:17 PM,3035 HAMILTON CHURCH RD,36.06107822,-86.62847289,POSSIBLY DANGEROUS HEMORRHAGE TRAUMA
5/3/2020 6:46:01 PM,2711 BELMONT BLVD,36.12285003,-86.79503095,ELECTRICAL HAZARD
5/3/2020 6:47:35 PM,1402 17TH AV S,36.14056540,-86.79467545,ELECTRICAL HAZARD
5/3/2020 6:47:50 PM,433 CEDARVIEW DR,36.04207874,-86.70405004,ELECTRICAL HAZARD
5/3/2020 6:48:16 PM,3221 LAKELAND DR,36.15571405,-86.64196304,ELECTRICAL HAZARD
5/3/2020 6:48:23 PM,COPPERFIELD CT / CLOVERLAND DR,36.03114183,-86.75141477,ELECTRICAL HAZARD
5/3/2020 6:48:50 PM,LEWIS RD / GRIFFITH RD,36.04216116,-86.99015475,ELECTRICAL HAZARD
5/3/2020 6:50:18 PM,2560 SOMERSET DR,36.08435851,-86.63276563,ELECTRICAL HAZARD
5/3/2020 6:50:27 PM,3441 BENHAM AV,36.11663403,-86.80744553,ELECTRICAL HAZARD
5/3/2020 6:50:28 PM,122 KEYWAY DR,36.10217910,-86.87394785,ELECTRICAL HAZARD
5/3/2020 6:51:23 PM,1201 STOCKELL ST,36.19228217,-86.76817964,ELECTRICAL HAZARD
5/3/2020 6:51:35 PM,1253 BRENTWOOD HIGHLANDS DR,36.03489009,-86.71663341,ELECTRICAL HAZARD
5/3/2020 6:51:41 PM,213 FOXWOOD LN,36.15972357,-86.71109844,WATER PROBLEM WITH ELECTRICAL HAZARD
5/3/2020 6:51:54 PM,1228 JOSEPH AV,36.19376023,-86.77148387,ELECTRICAL HAZARD
5/3/2020 6:52:13 PM,50 VAUGHNS GAP RD,36.08428648,-86.88525871,ELECTRICAL HAZARD
5/3/2020 6:53:07 PM,7931 MCCRORY LN,36.08732888,-87.02831014,ELECTRICAL HAZARD
5/3/2020 6:53:43 PM,CRAIGHEAD AV / PEACH BLOSSOM SQ,36.13047520,-86.82731913,ELECTRICAL HAZARD
5/3/2020 6:54:06 PM,601 BROOKS MILL CIR,36.16881631,-86.61339993,OUTSIDE NATURAL GAS ODOR RESIDENTIAL LINE   TANK LESS 5 GALL
5/3/2020 6:54:52 PM,5806 VINE RIDGE DR,36.13283676,-86.86429356,ELECTRICAL HAZARD
5/3/2020 6:55:20 PM,5600 COUNTRY DR,36.04748446,-86.70771517,ELECTRICAL HAZARD
5/3/2020 6:55:28 PM,3716 BAKERTOWN RD,36.07622645,-86.69240571,ELECTRICAL HAZARD
5/3/2020 6:55:45 PM,1018 N 7TH ST,36.18953441,-86.76012754,ELECTRICAL HAZARD
5/3/2020 6:55:54 PM,6008 JOCELYN HOLLOW RD,36.11531872,-86.87147511,ELECTRICAL HAZARD
5/3/2020 6:56:24 PM,7216 BELLE CHASSE DR,36.05846776,-86.96823569,ELECTRICAL HAZARD
5/3/2020 6:56:57 PM,MURFREESBORO PKE / FOREST VIEW DR,36.06742119,-86.63125377,DIFFICULTY SPEAKING BETWEEN BREATHS ASTHMA
5/3/2020 6:57:08 PM,2808 WESTWOOD AV,36.12748006,-86.81322071,HOUSE NATURAL GAS ODOR
5/3/2020 6:57:23 PM,184 TUSCULUM RD,36.05501383,-86.69493086,UNKNOWN STATUS:
5/3/2020 6:58:37 PM,3216 BLUEWATER TRC,36.07951376,-86.61622406,ELECTRICAL HAZARD
5/3/2020 6:58:58 PM,3715 FAULKNER DR,36.07746125,-86.71174296,FD REQUEST FROM DISPATCH
5/3/2020 6:59:47 PM,729 JOSEPH AV,36.18401207,-86.77225880,ELECTRICAL HAZARD
5/3/2020 6:59:56 PM,1445 ANTIOCH PKE,36.08071677,-86.68660445,CHEST PAIN - NOT ALERT
5/3/2020 7:01:20 PM,3053 BRICK CHURCH PKE,36.23183952,-86.78025971,OVERDOSE - INTENTIONAL NO PRIORITY SYMPTOMS
5/3/2020 7:02:44 PM,621 GIBSON DR,36.25761517,-86.71916202,ELECTRICAL HAZARD
5/3/2020 7:02:56 PM,512 RADNOR ST,36.10545588,-86.74587787,ELECTRICAL HAZARD
5/3/2020 7:03:45 PM,474 FRANKLIN LIMESTONE RD,36.08582635,-86.66415017,ELECTRICAL HAZARD
5/3/2020 7:03:49 PM,408 HICKORY WOODS CT,36.02756727,-86.58385973,ELECTRICAL HAZARD
5/3/2020 7:04:43 PM,320 OLD HICKORY BLVD,36.08837003,-86.91759571,DIFFICULTY SPEAKING BETWEEN BREATHS COPD
5/3/2020 7:04:48 PM,1025 OVERTON LEA RD,36.07635321,-86.79483456,ELECTRICAL HAZARD
5/3/2020 7:04:59 PM,87 DONELSON ST,36.15086752,-86.75496512,ELECTRICAL HAZARD
5/3/2020 7:05:25 PM,2429 CROCKER SPRINGS RD,36.31791415,-86.81329472,SICK PERSON: ABNORMAL BREATHING
5/3/2020 7:05:47 PM,4424 S TRACE BLVD,36.22160565,-86.62907332,ELECTRICAL HAZARD
5/3/2020 7:05:59 PM,412 ASHEFORD CT,36.04202641,-86.62518762,ELECTRICAL HAZARD
5/3/2020 7:06:14 PM,501 BRICK CHURCH PARK DR,36.22512326,-86.78658612,GENERAL ALARM COMMERCIAL   INDUSTRIAL BUILD
5/3/2020 7:07:04 PM,3143 HUNTERS HILL RD,36.17805002,-86.66957217,ELECTRICAL HAZARD
5/3/2020 7:07:08 PM,4817 JASON DR,36.07256648,-86.66779856,ELECTRICAL HAZARD
5/3/2020 7:07:11 PM,1310 24TH AV S,36.14208388,-86.80394548,GENERAL ALARM COMMERCIAL   INDUSTRIAL BUILD
5/3/2020 7:07:17 PM,MURFREESBORO PKE / MT VIEW RD,36.05432377,-86.61873388,ELECTRICAL HAZARD
5/3/2020 7:07:49 PM,97 WHITE BRIDGE PKE,36.13100078,-86.85823222,ELECTRICAL HAZARD
5/3/2020 7:08:45 PM,521 ST PAUL DR,36.21072219,-86.59330952,ELECTRICAL HAZARD
5/3/2020 7:08:48 PM,500 WEDGEWOOD AV,36.13289663,-86.76502867,ABNORMAL BREATHING
5/3/2020 7:09:13 PM,5825 CROSSINGS BLVD ,36.03631921,-86.64100880,GENERAL ALARM COMMERCIAL   INDUSTRIAL BUILD
5/3/2020 7:09:47 PM,5529 CLARKSVILLE PKE,36.28041586,-86.87633364,SICK PERSON: NOT ALERT
5/3/2020 7:10:09 PM,1202 KELLER AV,36.20321831,-86.73450525,ELECTRICAL HAZARD
5/3/2020 7:10:10 PM,1521 ARTHUR AV ,36.17596799,-86.79954359,GENERAL ALARM HOUSE
5/3/2020 7:10:29 PM,4821 LINDELL ST,36.23222583,-86.72811366,OVERDOSE NOT ALERT - ACCIDENTAL
5/3/2020 7:10:34 PM,5021 DOVECOTE DR,36.07050253,-86.76640382,ELECTRICAL HAZARD
5/3/2020 7:10:44 PM,FREDRICKSBURG DR / TYNE BLVD,36.07211222,-86.82593328,ELECTRICAL HAZARD
5/3/2020 7:11:01 PM,918 KIRKWOOD AV,36.12039363,-86.78401833,ELECTRICAL HAZARD
5/3/2020 7:11:09 PM,7446 RIVER ROAD PKE,36.14961881,-86.95775983,ELECTRICAL HAZARD
5/3/2020 7:11:24 PM,4230 FRANKLIN PKE,36.09466346,-86.77084037,ELECTRICAL HAZARD
5/3/2020 7:12:16 PM,4844 BARCLAY SQUARE DR,36.07150900,-86.66585490,ELECTRICAL HAZARD
5/3/2020 7:12:20 PM,BUFFALO RD / FIRE TOWER RD,36.11519095,-86.96625370,ELECTRICAL HAZARD
5/3/2020 7:12:30 PM,6572 MARAUDER DR,36.14320924,-86.88606283,ELECTRICAL HAZARD
5/3/2020 7:13:34 PM,850 RICHARDS RD,36.06989646,-86.68067081,ELECTRICAL HAZARD
5/3/2020 7:15:53 PM,3114 WINDEMERE CIR,36.18131273,-86.67595476,ELECTRICAL HAZARD
5/3/2020 7:16:05 PM,213 BELINDA DR,36.20397100,-86.61155985,ELECTRICAL HAZARD
5/3/2020 7:16:05 PM,213 BELINDA DR,36.20397100,-86.61155985,ELECTRICAL HAZARD
5/3/2020 7:16:06 PM,915 WESTVIEW AV,36.08923635,-86.85306817,CARBON MONOXIDE ALARM HOUSE
5/3/2020 7:17:29 PM,8166 HIGHWAY 70 S,36.08806898,-86.97313757,ELECTRICAL HAZARD
5/3/2020 7:17:49 PM,2745 LEBANON PKE,36.16749915,-86.66412887,CHEST PAIN - BREATHING NORMALLY >35 YEARS
5/3/2020 7:17:53 PM,2284 MURFREESBORO PKE,36.08840541,-86.64748049,WATERFLOW ALARM COMMERCIAL COMMERCIAL   INDUSTRIAL BUILD
5/3/2020 7:18:24 PM,3625 FLORAL DR,36.09588388,-86.73472683,ELECTRICAL HAZARD
5/3/2020 7:19:27 PM,1601 RIVERWOOD DR,36.21477735,-86.70947719,ELECTRICAL HAZARD
5/3/2020 7:19:34 PM,6555 JOCELYN HOLLOW RD,36.10165341,-86.90309408,ELECTRICAL HAZARD
5/3/2020 7:20:20 PM,209 WAUFORD DR,36.07501663,-86.73896656,ELECTRICAL HAZARD
5/3/2020 7:20:21 PM,1713 6TH AV N,36.18232551,-86.79440360,ELECTRICAL HAZARD
5/3/2020 7:20:30 PM,ASBURY LN / WESLEY CT,36.20621089,-86.60796128,ELECTRICAL HAZARD
5/3/2020 7:21:18 PM,728 S 7TH ST,36.16612548,-86.75725658,ABDOMINAL PAIN
5/3/2020 7:21:22 PM,5002 LEWISDALE CT,36.06568493,-86.72432594,ELECTRICAL HAZARD
5/3/2020 7:21:30 PM,2504 SLEEPY HOLLOW DR,36.08178566,-86.64196168,ELECTRICAL HAZARD
5/3/2020 7:22:16 PM,5249 RICE RD,36.06584127,-86.63841515,ELECTRICAL HAZARD - WIRES DOWN
5/3/2020 7:24:05 PM,SMITH SPRINGS RD / BELL RD,36.09034493,-86.62650205,ELECTRICAL HAZARD
5/3/2020 7:24:11 PM,2152 BYRUM AV,36.13444853,-86.76325790,ELECTRICAL HAZARD
5/3/2020 7:24:28 PM,RICHARDS RD / LORI DR,36.06872842,-86.67814889,ELECTRICAL HAZARD
5/3/2020 7:24:59 PM,2640 PULLEY RD,36.12228291,-86.63476951,ELECTRICAL HAZARD
5/3/2020 7:25:29 PM,4837 BRICK CHURCH PKE,36.31297903,-86.77772234,ELECTRICAL HAZARD
5/3/2020 7:25:36 PM,1003 HICKORY HILL LN ,36.18873495,-86.63039336,GENERAL ALARM COMMERCIAL   INDUSTRIAL BUILD
5/3/2020 7:25:41 PM,1522 KIRKWOOD AV,36.12145504,-86.79370377,ELECTRICAL HAZARD
5/3/2020 7:25:58 PM,20 N HILL ST,36.14534545,-86.76126269,ELECTRICAL HAZARD
5/3/2020 7:26:10 PM,878 FOREST ACRES CT,36.05929812,-86.78062894,ELECTRICAL HAZARD
5/3/2020 7:26:34 PM,400 DR MARTIN L KING JR BLVD,36.16643031,-86.78151647,CHEST PAIN - ABNORMAL BREATHING
5/3/2020 7:27:11 PM,644 DES MOINES DR,36.20787532,-86.60359361,ELECTRICAL HAZARD
5/3/2020 7:27:50 PM,3100 WINGATE AV,36.10471850,-86.73443097,ELECTRICAL HAZARD
5/3/2020 7:28:21 PM,518 DEBBIE DR,36.21072604,-86.58580226,ELECTRICAL HAZARD
5/3/2020 7:30:17 PM,144 SAXON MIST DR,36.09626168,-86.60781336,ELECTRICAL HAZARD
5/3/2020 7:31:14 PM,522 COPPERFIELD WAY,36.03782967,-86.74913429,ABNORMAL BREATHING ASTHMA
5/3/2020 7:32:30 PM,5584 MT VIEW RD,36.04333533,-86.63137233,MVA INJURIES:
5/3/2020 7:33:37 PM,860 MURFREESBORO PKE,36.13598752,-86.72145843,SMOKE DETECTOR ALARM APARTMENT
5/3/2020 7:34:05 PM,1968 BAKERS GROVE RD,36.11270744,-86.56815957,ELECTRICAL HAZARD
5/3/2020 7:35:04 PM,5000 MOUNTAIN SPRINGS RD,36.04447915,-86.61047290,OVERDOSE - UNKNOWN STATUS
5/3/2020 7:35:08 PM,2501 DAVID DR,36.16132206,-86.67475496,DIZZINESS / VERTIGO
5/3/2020 7:37:26 PM,207 WILSON BLVD S,36.12900656,-86.83404996,ELECTRICAL HAZARD
5/3/2020 7:37:36 PM,64 JAY ST,36.11893935,-86.73622264,ELECTRICAL HAZARD
5/3/2020 7:38:22 PM,5335 WEBER RD,36.19446009,-86.61172856,ELECTRICAL HAZARD
5/3/2020 7:38:39 PM,926 S DOUGLAS AV,36.13052783,-86.78382251,ELECTRICAL HAZARD
5/3/2020 7:39:53 PM,2941 LEBANON PKE ,36.17083180,-86.65258248,GENERAL ALARM COMMERCIAL   INDUSTRIAL BUILD
5/3/2020 7:40:28 PM,3300 WEST END AV,36.14117907,-86.81822138,ELECTRICAL HAZARD
5/3/2020 7:40:42 PM,LONE OAK RD / OVERHILL DR,36.09809983,-86.80966329,ELECTRICAL HAZARD
5/3/2020 7:41:16 PM,3718 BRIGHTON RD,36.12652709,-86.83069172,ELECTRICAL HAZARD
5/3/2020 7:41:56 PM,1910 COUNTY HOSPITAL RD,36.19325269,-86.83367527,OTHER PAIN
5/3/2020 7:42:19 PM,8128 LUREE LN,36.19623382,-86.61526385,ELECTRICAL HAZARD
5/3/2020 7:42:27 PM,184 ANTIOCH PKE,36.10125580,-86.73189208,ELECTRICAL HAZARD - WIRES DOWN
5/3/2020 7:43:31 PM,717 RIVERCREST PASS,36.17200415,-86.65320348,OUTSIDE NATURAL GAS LEAK RESIDENTIAL LINR   TANK LESS 5 GALL
5/3/2020 7:43:35 PM,2808 10TH AV S,36.12138780,-86.78633190,ELECTRICAL HAZARD
5/3/2020 7:43:52 PM,4008 COLORADO AV,36.14213436,-86.83378071,ELECTRICAL HAZARD
5/3/2020 7:44:25 PM,3106 CLOVERWOOD DR,36.15704392,-86.65176700,ELECTRICAL HAZARD
5/3/2020 7:44:25 PM,3106 CLOVERWOOD DR,36.15704392,-86.65176700,ELECTRICAL HAZARD
5/3/2020 7:44:51 PM,4727 W LONGDALE DR,36.07753909,-86.74604526,ELECTRICAL HAZARD
5/3/2020 7:46:26 PM,MARITIME PORT / PRIESTSHORE BAY,36.05447920,-86.59784383,ELECTRICAL HAZARD
5/3/2020 7:47:37 PM,97 WHITE BRIDGE PKE,36.13100078,-86.85823222,ELECTRICAL HAZARD
5/3/2020 7:48:02 PM,15354 OLD HICKORY BLVD,36.04123746,-86.72854173,ELECTRICAL HAZARD
5/3/2020 7:48:02 PM,15354 OLD HICKORY BLVD,36.04123746,-86.72854173,ELECTRICAL HAZARD
5/3/2020 7:48:32 PM,3733 WHARTON DR,36.07533334,-86.69041280,ELECTRICAL HAZARD
5/3/2020 7:48:32 PM,1908 ELLIOTT AV,36.13275079,-86.78287243,ELECTRICAL HAZARD
5/3/2020 7:49:59 PM,1100 DR MARTIN L KING JR BLVD,36.16215548,-86.79102890,PULL STATION ALARM COMMERCIAL   INDUSTRIAL BUILD
5/3/2020 7:50:31 PM,4932 CIMARRON WAY,36.05859639,-86.68887482,ELECTRICAL HAZARD
5/3/2020 7:51:51 PM,413 BARKLEY CT,36.03626483,-86.67887083,ELECTRICAL HAZARD
5/3/2020 7:52:38 PM,1374 RURAL HILL RD,36.05599085,-86.64984682,MVA INJURIES:
5/3/2020 7:52:55 PM,1617 LEBANON PKE,36.15065008,-86.71734718,NO DIFFICULTY BREATHING SWALLOWING MAY HAVE RASH OR ITCHING
5/3/2020 7:53:26 PM,233 HAYWOOD LN,36.06962156,-86.69793258,ELECTRICAL HAZARD
5/3/2020 7:54:08 PM,STRATFORD AV / SHELTON AV,36.21056965,-86.71908367,ELECTRICAL HAZARD
5/3/2020 7:54:15 PM,1111 BELL RD,36.04580804,-86.66314676,MAN DOWN: LIFE STATUS QUESTIONABLE
5/3/2020 7:54:26 PM,1104 CALDWELL LN,36.10665286,-86.79305694,ELECTRICAL HAZARD
5/3/2020 7:54:36 PM,3342 EZELL RD,36.07902402,-86.68942767,ELECTRICAL HAZARD
5/3/2020 7:56:58 PM,1036 NEW PROVIDENCE PASS,36.25840740,-86.68598453,PSYCHIATRIC UNKNOWN STATUS
5/3/2020 7:57:15 PM,1404 RAVENNA CT N,36.07988354,-86.59979387,ELECTRICAL HAZARD
5/3/2020 7:57:31 PM,455 SWISS AV,36.04185249,-86.71764579,ELECTRICAL HAZARD
5/3/2020 7:59:01 PM,357 GILLETTE RD,36.06112229,-86.70874366,ELECTRICAL HAZARD
5/3/2020 7:59:43 PM,61 EAST THOMPSON LN,36.11001758,-86.72511384,CLAMMY OR COLD SWEATS
5/3/2020 8:00:04 PM,487 ELLENWOOD DR,36.05803513,-86.73379115,ELECTRICAL HAZARD
5/3/2020 8:00:32 PM,3531 HUNTLAND DR,36.27471998,-86.84200841,DIFFICULTY SPEAKING BETWEEN BREATHS
5/3/2020 8:00:35 PM,6009 HAWKDALE DR,36.02902167,-86.71432842,ABNORMAL BREATHING
5/3/2020 8:02:45 PM,5017 MAYWOOD DR,36.07028667,-86.75739751,ELECTRICAL HAZARD
5/3/2020 8:03:01 PM,250 NEW SAWYER BROWN RD,36.08636087,-86.94162266,ELECTRICAL HAZARD
5/3/2020 8:03:38 PM,520 CROLEY DR,36.15136541,-86.87269867,CONTINUOUS OR MULTIPLE SEIZURES
5/3/2020 8:03:47 PM,636 ROXANNE DR,36.04912618,-86.69072365,ELECTRICAL HAZARD
5/3/2020 8:04:51 PM,912 PERCY WARNER BLVD,36.08353624,-86.88386156,ELECTRICAL HAZARD
5/3/2020 8:07:54 PM,6048 ROBIN HILL RD,36.11306159,-86.87554271,ELECTRICAL HAZARD
5/3/2020 8:07:56 PM,48 TRIMBLE ST,36.14624407,-86.75967223,ELECTRICAL HAZARD
5/3/2020 8:08:05 PM,1025 BRET RIDGE DR,36.18645132,-86.60540133,ELECTRICAL HAZARD
5/3/2020 8:08:07 PM,2723 ANDERSON RD,36.07431790,-86.63345587,ELECTRICAL HAZARD
5/3/2020 8:09:09 PM,810 BELLEVUE RD,36.07184228,-86.94056055,CHEST PAIN - NOT ALERT
5/3/2020 8:10:10 PM,310 PRINCE AV,36.20615415,-86.76172448,ELECTRICAL HAZARD
5/3/2020 8:10:23 PM,108 ORIEL AV,36.12228781,-86.74119035,ELECTRICAL HAZARD
5/3/2020 8:12:15 PM,5044 MARC DR,36.02722712,-86.73834930,ELECTRICAL HAZARD
5/3/2020 8:13:31 PM,3741 ASHEFORD TRC,36.04279994,-86.62448385,ELECTRICAL HAZARD
5/3/2020 8:13:32 PM,7245 GREEN MEADOWS LN,36.06791495,-86.93687573,CITIZEN ASSIST  NON MEDICAL
5/3/2020 8:13:56 PM,840 MERIDIAN ST,36.18655994,-86.76845142,CHEST PAIN - BREATHING NORMALLY <35 YEARS
5/3/2020 8:13:56 PM,FRANKLIN PKE / FARRELL RD,36.07183463,-86.77407855,ELECTRICAL HAZARD
5/3/2020 8:14:52 PM,5836 ROBERT E LEE DR,36.06565888,-86.82678817,ELECTRICAL HAZARD
5/3/2020 8:15:24 PM,3933 KEELEY DR,36.06632986,-86.69724832,INEFFECTIVE BREATHING
5/3/2020 8:15:34 PM,832 WEDGEWOOD AV,36.13474976,-86.78168501,UNWELL / ILL
5/3/2020 8:16:00 PM,3800 SAM BONEY DR,36.08995536,-86.72827512,DIFFICULTY SPEAKING BETWEEN BREATHS
5/3/2020 8:16:24 PM,404 HUNTERS PATH CT,36.18885847,-86.60631122,INEFFECTIVE BREATHING COPD
5/3/2020 8:18:16 PM,805 CAINBROOK CT,36.04260162,-86.62899206,ELECTRICAL HAZARD
5/3/2020 8:18:32 PM,3809 CHAMBERS DR,36.07041680,-86.70777658,ELECTRICAL HAZARD
5/3/2020 8:18:38 PM,3868 CENTRAL PKE ,36.17396057,-86.60850049,GENERAL ALARM COMMERCIAL   INDUSTRIAL BUILD
5/3/2020 8:19:22 PM,OLD HICKORY BLVD / ANDREW JACKSON PKWY,36.18366039,-86.61066797,ELECTRICAL HAZARD
5/3/2020 8:20:52 PM,2306 ST LOUIS ST,36.18147854,-86.81519557,ELECTRICAL HAZARD
5/3/2020 8:22:38 PM,3044 BLUFFHOLLOW GAP,36.02934787,-86.67681432,POSSIBLY DANGEROUS BODY AREA STILL ON THE GROUND
5/3/2020 8:23:22 PM,990 GREERLAND DR,36.10075419,-86.78994691,OUTSIDE FIRE INVESTIGATION
5/3/2020 8:23:28 PM,6202 CHARLOTTE PKE,36.14724667,-86.86950535,ELECTRICAL HAZARD
5/3/2020 8:25:15 PM,499 SWISS AV,36.03824013,-86.71891730,DIFFICULTY SPEAKING BETWEEN BREATHS COPD
5/3/2020 8:25:48 PM,709 5TH AV S,36.15205545,-86.77310430,SICK PERSON UNKNOWN STATUS
5/3/2020 8:25:59 PM,2704 GLENOAKS DR,36.19023084,-86.67105011,SMOKE DETECTOR ALARM HOUSE
5/3/2020 8:26:48 PM,1 BUCKLAND ABBEY,36.09231502,-86.83852696,RESIDENTIAL FIRE
5/3/2020 8:27:19 PM,4806 TROUSDALE DR,36.07659120,-86.75849485,OUTSIDE RESIDENTIAL LINE   ODOR WITH MULT PATIENTS
5/3/2020 8:27:19 PM,4806 TROUSDALE DR,36.07659120,-86.75849485,OUTSIDE RESIDENTIAL LINE   ODOR WITH MULT PATIENTS
5/3/2020 8:27:28 PM,2846 SUGARTREE RD,36.11004198,-86.82540723,ELECTRICAL HAZARD
5/3/2020 8:27:38 PM,506 GARFIELD ST,36.18218110,-86.79304489,SMALL BUILDING INVESTIGATION
5/3/2020 8:28:06 PM,LAFAYETTE ST / CLAIBORNE ST,36.14840758,-86.76119338,HIGH MECHANISM: AUTO VS PEDESTRIAN
5/3/2020 8:29:45 PM,1612 ELM HILL PKE ,36.14538781,-86.71607231,GENERAL ALARM COMMERCIAL   INDUSTRIAL BUILD
5/3/2020 8:32:26 PM,1003 HICKORY HILL LN ,36.18873495,-86.63039336,GENERAL ALARM COMMERCIAL   INDUSTRIAL BUILD
5/3/2020 8:32:56 PM,4805 AARON DR,36.03471458,-86.67951132,OVERDOSE ABNORMAL BREATHING - ACCIDENTAL
5/3/2020 8:33:41 PM,OLD HICKORY BLVD / JUAREZ DR,36.19232954,-86.61630115,UNKNOWN STATUS:
5/3/2020 8:34:23 PM,1905 PAMELA DR,36.14041677,-86.70470378,ELECTRICAL HAZARD
5/3/2020 8:34:52 PM,749 DARDEN PL,36.12583011,-86.87961125,ELECTRICAL HAZARD
5/3/2020 8:36:25 PM,EDMONDSON PKE / NOLENSVILLE PKE,36.07710411,-86.72556570,SEIZURE: EFFECTIVE BREATHING NOT VERIFIED <35
5/3/2020 8:37:03 PM,4301 ESTESWOOD DR,36.09950275,-86.84146648,ELECTRICAL HAZARD
5/3/2020 8:40:01 PM,87 ELBERTA ST,36.11783003,-86.74043220,ELECTRICAL HAZARD
5/3/2020 8:40:16 PM,I24 W / BELL RD,36.04537322,-86.65885054,UNKNOWN STATUS:
5/3/2020 8:40:46 PM,1211 MEDICAL CENTER DR ,36.14240652,-86.80159753,GENERAL ALARM COMMERCIAL   INDUSTRIAL BUILD
5/3/2020 8:40:48 PM,326 PARAGON MILLS RD,36.08833227,-86.71625782,ELECTRICAL HAZARD
5/3/2020 8:40:51 PM,2513 DAVID DR,36.16112669,-86.67261519,ELECTRICAL HAZARD
5/3/2020 8:41:39 PM,309 LUNA DR,36.08027146,-86.69273336,ELECTRICAL HAZARD
5/3/2020 8:42:53 PM,115 GLEN COVE TRL,36.16237045,-86.59325168,ELECTRICAL HAZARD
5/3/2020 8:43:15 PM,920 S DOUGLAS AV,36.13044871,-86.78338777,ELECTRICAL HAZARD
5/3/2020 8:43:45 PM,VAUGHNS GAP RD / HARDING PKE,36.09259114,-86.88542836,UNKNOWN STATUS:
5/3/2020 8:43:52 PM,356 MELPAR DR,36.06518117,-86.70869075,ELECTRICAL HAZARD
5/3/2020 8:45:08 PM,3301 CALAIS CIR,36.06764246,-86.62325732,MVA OTHER HAZARDS
5/3/2020 8:45:17 PM,2300 CLOVERDALE RD,36.15997986,-86.68678982,ELECTRICAL HAZARD
5/3/2020 8:45:30 PM,S NEW HOPE RD / JOHN HAGAR RD,36.15488230,-86.58653758,ELECTRICAL HAZARD
5/3/2020 8:46:40 PM,2416 PLUM ST,36.21509537,-86.76613230,NOT ALERT
5/3/2020 8:47:09 PM,2207 ELLIOTT DR,36.24875846,-86.64048797,OVERDOSE UNCONSCIOUS - INTENTIONAL
5/3/2020 8:47:26 PM,2515 PARK PLZ ,36.15232780,-86.81560661,GENERAL ALARM COMMERCIAL   INDUSTRIAL BUILD
5/3/2020 8:48:45 PM,7443 HUNTWICK TRL,36.09620952,-86.98266847,ELECTRICAL HAZARD
5/3/2020 8:49:37 PM,1800 DIVISION ST,36.15163657,-86.79420937,POSSIBLY DANGEROUS HEMORRHAGE MEDICAL
5/3/2020 8:49:43 PM,1439 MCALPINE AV,36.21242524,-86.71200333,ELECTRICAL HAZARD
5/3/2020 8:50:06 PM,1035 NAVE CT,36.17298750,-86.65144824,SMOKE DETECTOR ALARM HOUSE
5/3/2020 8:50:34 PM,461 CUMBERLAND PL,36.09208997,-86.81434313,SMOKE DETECTOR ALARM HOUSE
5/3/2020 8:50:57 PM,3526 MURPHY RD,36.14048336,-86.82660678,ELECTRICAL HAZARD
5/3/2020 8:51:52 PM,614 THOMPSON LN,36.11152261,-86.75373598,CHEST PAIN - HEART ATTACK OR ANGINA HISTORY
5/3/2020 8:54:18 PM,399 COVENTRY DR,36.07890059,-86.73152351,ELECTRICAL HAZARD
5/3/2020 8:54:54 PM,404 WILSONIA AV,36.12879296,-86.86619052,CARBON MONOXIDE ALARM HOUSE
5/3/2020 8:55:06 PM,2920 22ND AV S,36.11991225,-86.81379340,ELECTRICAL HAZARD
5/3/2020 8:55:12 PM,2102 12TH AV N,36.18589479,-86.80796321,SUICIDAL  NOT THREATENING  ALERT
5/3/2020 8:56:59 PM,2721 MCKEIGE DR,36.15420096,-86.66987882,ELECTRICAL HAZARD
5/3/2020 8:57:24 PM,1612 ELM HILL PKE ,36.14538781,-86.71607231,GENERAL ALARM COMMERCIAL   INDUSTRIAL BUILD
5/3/2020 8:58:31 PM,4029 OUTER DR,36.10151653,-86.78371635,ELECTRICAL HAZARD
5/3/2020 8:58:43 PM,915 WESTVIEW AV,36.08923635,-86.85306817,CARBON MONOXIDE ALARM HOUSE
5/3/2020 8:59:45 PM,1709 21ST AV N,36.17764831,-86.81155623,DIFFICULTY SPEAKING BETWEEN BREATHS COPD
5/3/2020 9:00:23 PM,1145 BALBADE DR,36.07312332,-86.84877929,ELECTRICAL HAZARD
5/3/2020 9:02:16 PM,1021 BATTLEFIELD DR,36.11477294,-86.78978533,ELECTRICAL HAZARD
5/3/2020 9:03:31 PM,5760 OLD HICKORY BLVD,36.17257049,-86.60166623,MVA INJURIES: MULTIPLE PATIENTS
5/3/2020 9:03:58 PM,516 AMERICAN RD,36.15077682,-86.87809993,CHEST PAIN - BREATHING NORMALLY >35 YEARS
5/3/2020 9:04:37 PM,3112 NOLENSVILLE PKE ,36.10291876,-86.74074485,CARBON MONOXIDE ALARM COMMERCIAL   INDUSTRIAL BUILD
5/3/2020 9:06:09 PM,3120 BOULDER PARK DR,36.15288567,-86.64749921,ELECTRICAL HAZARD
5/3/2020 9:06:35 PM,4415 SCENIC DR,36.09135779,-86.79537376,ELECTRICAL HAZARD
5/3/2020 9:07:51 PM,331 PLUS PARK BLVD,36.13272498,-86.72426303,ABNORMAL BREATHING ASTHMA
5/3/2020 9:08:17 PM,5377 TROUSDALE DR,36.05117309,-86.75915270,ELECTRICAL HAZARD
5/3/2020 9:08:25 PM,4717 HAZELWOOD CIR,36.08346704,-86.77600974,ELECTRICAL HAZARD
5/3/2020 9:09:11 PM,627 SHELBY AV,36.16942259,-86.75816033,OBVIOUS DEATH
5/3/2020 9:10:18 PM,2634 MIAMI AV,36.24115794,-86.70819468,ELECTRICAL HAZARD
5/3/2020 9:11:33 PM,97 WHITE BRIDGE PKE,36.13151646,-86.85749637,ELECTRICAL HAZARD
5/3/2020 9:12:24 PM,461 CUMBERLAND PL,36.09208997,-86.81434313,SMOKE DETECTOR ALARM HOUSE
5/3/2020 9:17:52 PM,119 HAVERFORD DR,36.10356064,-86.87244602,ELECTRICAL HAZARD
5/3/2020 9:20:15 PM,311 SHEPHERD HILLS DR,36.29262450,-86.68966375,UNKNOWN STATUS
5/3/2020 9:21:55 PM,300 BERKLEY DR,36.24613304,-86.71405845,SICK PERSON: ABNORMAL BREATHING
5/3/2020 9:22:31 PM,ROSA L PARKS BLVD / I65 N,36.18421874,-86.79806789,HIGH MECHANISM: AUTO VS PEDESTRIAN
5/3/2020 9:23:34 PM,3144 DICKERSON PKE,36.23286980,-86.75947180,OVERDOSE - ACCIDENTAL NO PRIORITY SYMPTOMS
5/3/2020 9:24:28 PM,2244 STRATFORD AV,36.20536041,-86.71655259,ABNORMAL BREATHING ASTHMA
5/3/2020 9:25:18 PM,4120 RIDGEFIELD DR,36.12491093,-86.84491538,WATERFLOW ALARM APARTMENT
5/3/2020 9:25:26 PM,4000 NOLENSVILLE PKE,36.08465140,-86.72751548,UNKNOWN STATUS
5/3/2020 9:26:17 PM,BLUE HOLE RD / BELL RD,36.04574576,-86.67435517,UNKNOWN STATUS:
5/3/2020 9:27:00 PM,902 DUE WEST AV N,36.25630155,-86.74754273,ELECTRICAL HAZARD
5/3/2020 9:28:18 PM,COPPERFIELD CT / CLOVERLAND DR,36.03114183,-86.75141477,MVA INJURIES:
5/3/2020 9:29:25 PM,413 FOOTHILL DR,36.12888169,-86.72010498,MEDICAL ALARM NOTIFICATION
5/3/2020 9:29:25 PM,BELL RD / COLLINS PARK DR,36.04602974,-86.65793869,UNCONSCIOUS AGONAL INEFFECTIVE BREATHING
5/3/2020 9:31:59 PM,MURFREESBORO PKE / HOBSON PKE,36.04286195,-86.60656068,MVA INJURIES:
5/3/2020 9:32:33 PM,DICKERSON PKE / E TRINITY LN,36.20589953,-86.76861744,HIGH MECHANISM: AUTO VS BICYCLE OR AUTO VS MOTOROCYCLE
5/3/2020 9:33:01 PM,908 ARBOR CREEK WAY,36.13263990,-86.69826209,ASSAULT UNKNOWN STATUS PHYSICAL
5/3/2020 9:33:07 PM,621 ELAINE DR,36.08295436,-86.75186767,UNKNOWN ENTRAPMENT  UNCONFIRMED
5/3/2020 9:34:30 PM,5319 NOLENSVILLE PKE,36.05319785,-86.71501549,UKNOWN ALARM APARTMENT
5/3/2020 9:36:41 PM,3614 GENERAL BATE DR,36.10726110,-86.78476440,SMALL OUTSIDE FIRE
5/3/2020 9:36:55 PM,113 VOSSLAND DR,36.09783800,-86.87937107,ELECTRICAL HAZARD
5/3/2020 9:38:22 PM,6015 FIRE TOWER RD,36.11554071,-86.96310439,ELECTRICAL HAZARD
5/3/2020 9:39:13 PM,707 HARDING PL,36.08079192,-86.75569462,PSYCHIATRIC UNKNOWN STATUS
5/3/2020 9:39:26 PM,520 EDWIN ST,36.20355237,-86.75591384,ELECTRICAL HAZARD
5/3/2020 9:39:26 PM,520 EDWIN ST,36.20355237,-86.75591384,ELECTRICAL HAZARD
5/3/2020 9:39:51 PM,2930 LAKELAND DR,36.15375768,-86.65523770,SMALL GRASS FIRE
5/3/2020 9:40:02 PM,4507 PRICE CIRCLE RD,36.13171915,-86.86147612,ELECTRICAL HAZARD
5/3/2020 9:41:52 PM,1809 ELECTRIC AV,36.16723961,-86.73850081,ELECTRICAL HAZARD
5/3/2020 9:43:04 PM,45 JAY ST,36.11830888,-86.73392263,ELECTRICAL HAZARD
5/3/2020 9:44:23 PM,625 TEMPLEWOOD CT,36.15483998,-86.64959188,ELECTRICAL HAZARD
5/3/2020 9:44:36 PM,558 LOCKWOOD DR,36.14478013,-86.67236380,ELECTRICAL HAZARD
5/3/2020 9:45:32 PM,417 OLD LEBANON DIRT RD,36.18867195,-86.61041120,ELECTRICAL HAZARD
5/3/2020 9:46:17 PM,312 EMERY DR,36.15342290,-86.67700514,ELECTRICAL HAZARD
5/3/2020 9:46:57 PM,511 BRENTWOOD PL,36.04731194,-86.73733858,DIABETIC: NOT ALERT
5/3/2020 9:47:58 PM,1108 N 8TH ST,36.19098032,-86.75858404,PULL STATION ALARM HOUSE
5/3/2020 9:49:07 PM,533 ELGIN ST,36.10005634,-86.74621713,ELECTRICAL HAZARD
5/3/2020 9:51:05 PM,3723 ANDREW JACKSON WAY,36.18390242,-86.60489381,NON SUICIDAL AND ALERT
5/3/2020 9:51:28 PM,RIVERWOOD DR / CLAYPOOL ST,36.21456746,-86.70967468,ELECTRICAL HAZARD
5/3/2020 9:52:18 PM,BUFFALO RD / FIRE TOWER RD,36.11519095,-86.96625370,ELECTRICAL HAZARD
5/3/2020 9:53:17 PM,908 KIRBY AV,36.12968187,-86.69634736,ABDOMINAL PAIN - NOT ALERT
5/3/2020 9:54:27 PM,4334 ESTES RD,36.09513624,-86.83886788,CARBON MONOXIDE ALARM HOUSE
5/3/2020 9:55:26 PM,116 MAYFAIR RD,36.13372226,-86.83533954,ELECTRICAL HAZARD
5/3/2020 9:57:01 PM,4421 ALCOTT DR,36.08821609,-86.84151091,SICK PERSON: ALTERED LEVEL OF CONSCIOUSNESS
5/3/2020 9:57:45 PM,317 MYATT DR,36.27139165,-86.68918916,UNCONSCIOUS AGONAL INEFFECTIVE BREATHING
5/3/2020 10:00:34 PM,5028 STILLWOOD DR,36.06898612,-86.76325508,ELECTRICAL HAZARD
5/3/2020 10:00:47 PM,NEAL TER / WEDGEWOOD AV,36.13321948,-86.76807263,ELECTRICAL HAZARD
5/3/2020 10:00:55 PM,1579 WOODMONT BLVD,36.11276096,-86.79951225,ELECTRICAL HAZARD
5/3/2020 10:02:28 PM,5102 TROUSDALE DR,36.06473267,-86.75892829,ABNORMAL BREATHING OTHER LUNG PROBLEMS
5/3/2020 10:02:34 PM,313 CEDARCREEK DR,36.03526489,-86.70569927,ELECTRICAL HAZARD
5/3/2020 10:02:57 PM,1325 12TH AV S,36.14105042,-86.78859994,SICK PERSON: ALTERED LEVEL OF CONSCIOUSNESS
5/3/2020 10:06:07 PM,124 LINCOLN CT,36.10315543,-86.86434062,ELECTRICAL HAZARD
5/3/2020 10:09:03 PM,499 SWISS AV,36.03824013,-86.71891730,DIFFICULTY SPEAKING BETWEEN BREATHS COPD
5/3/2020 10:09:37 PM,728 GREELEY DR,36.12273538,-86.87939547,MEDICAL ALARM NOTIFICATION
5/3/2020 10:10:04 PM,2272 LEBANON PKE,36.16951274,-86.68511117,ELECTRICAL HAZARD
5/3/2020 10:11:22 PM,EDWIN ST / MERIDIAN ST,36.20457665,-86.76594386,ELECTRICAL HAZARD
5/3/2020 10:14:30 PM,CLOVERLAND DR / BROWNSTONE DR,36.03129798,-86.75340395,ELECTRICAL HAZARD
5/3/2020 10:14:41 PM,1707 SEIFRIED ST,36.18190125,-86.81258541,ELECTRICAL HAZARD
5/3/2020 10:14:58 PM,BELL RD / I24 E,36.04522782,-86.65910500,MVA INJURIES:
5/3/2020 10:15:26 PM,461 CUMBERLAND PL,36.09208997,-86.81434313,SMOKE DETECTOR ALARM HOUSE
5/3/2020 10:16:48 PM,4524 RACCOON TRL,36.19184953,-86.57973433,ELECTRICAL HAZARD
5/3/2020 10:16:56 PM,RIVERWOOD DR / OLGA AV,36.21428464,-86.70956124,ELECTRICAL HAZARD
5/3/2020 10:21:30 PM,973 GREERLAND DR,36.09991766,-86.78797161,ELECTRICAL HAZARD
5/3/2020 10:23:31 PM,990 GREERLAND DR,36.10075419,-86.78994691,ELECTRICAL HAZARD
5/3/2020 10:27:11 PM,4573 WOODSIDE CIR,36.23300851,-86.59246505,SICK PERSON: ABNORMAL BREATHING
5/3/2020 10:28:33 PM,3338 OAK TREES CT,36.07456707,-86.60677080,NON RECENT FALL
5/3/2020 10:28:39 PM,WOODDALE LN / PENNINGTON BEND RD,36.23745941,-86.70645411,ELECTRICAL HAZARD
5/3/2020 10:29:47 PM,4201 NOLENSVILLE PKE,36.07642499,-86.72588561,POSSIBLY DANGEROUS BODY AREA
5/3/2020 10:30:11 PM,4122 RIDGEFIELD DR,36.12486749,-86.84457215,CITIZEN ASSIST
5/3/2020 10:32:46 PM,3601 TROUSDALE DR ,36.09757176,-86.75036556,WATERFLOW ALARM COMMERCIAL COMMERCIAL   INDUSTRIAL BUILD
5/3/2020 10:32:49 PM,3000 VANDERBILT PL,36.14236895,-86.81298560,GENERAL ALARM APARTMENT
5/3/2020 10:32:52 PM,3529 WEST END AV ,36.13229599,-86.82420867,GENERAL ALARM COMMERCIAL   INDUSTRIAL BUILD
5/3/2020 10:34:07 PM,JEFFERSON ST / 28TH AV N,36.16785835,-86.82076403,ASSAULT UNKNOWN STATUS PHYSICAL
5/3/2020 10:34:54 PM,306 BOWWOOD DR,36.12487102,-86.71043137,ELECTRICAL HAZARD
5/3/2020 10:36:36 PM,759 ROYCROFT PL,36.13327566,-86.77828170,ELECTRICAL HAZARD
5/3/2020 10:36:48 PM,601 MURFREESBORO PKE,36.14106210,-86.74022893,TRAUMATIC INJURIES NON RECENT
5/3/2020 10:38:41 PM,4216 ANDREW JACKSON PKWY,36.19883877,-86.60914704,ELECTRICAL HAZARD
5/3/2020 10:41:34 PM,2205 REVERE PL,36.17117372,-86.69006216,ELECTRICAL HAZARD
5/3/2020 10:41:34 PM,2205 REVERE PL,36.17117372,-86.69006216,ELECTRICAL HAZARD
5/3/2020 10:42:02 PM,200 CHEOAH CT,36.00842938,-86.68303999,DIFFICULTY SPEAKING BETWEEN BREATHS
5/3/2020 10:42:36 PM,1120 WOODVALE DR,36.10227225,-86.79576573,ELECTRICAL HAZARD
5/3/2020 10:44:58 PM,181 DELVIN DR,36.05206881,-86.69138541,ELECTRICAL HAZARD
5/3/2020 10:47:23 PM,1501 CEDAR LN,36.12010384,-86.79324346,GENERAL ALARM HOUSE
5/3/2020 10:50:39 PM,425 HART AV,36.18217988,-86.75595983,ELECTRICAL HAZARD
5/3/2020 10:53:00 PM,205 ANTHONY ST,36.24162271,-86.62939198,NOT ALERT STRONG EVIDENCE <3 HOURS
5/3/2020 10:55:43 PM,912 TAVISTOCK PL,36.08033316,-86.66316267,ELECTRICAL HAZARD
5/3/2020 10:56:18 PM,3803 WOODMONT LN,36.11129051,-86.84067611,CARBON MONOXIDE FIRE ALARM INVESTIGATION
5/3/2020 10:59:30 PM,860 MURFREESBORO PKE,36.13673387,-86.72151490,UKNOWN ALARM APARTMENT
5/3/2020 11:01:21 PM,3312 DICKERSON PKE,36.23622083,-86.75906622,3RD TRIMESTER HEMORRHAGE
5/3/2020 11:03:02 PM,4107 GALLATIN PKE,36.22219493,-86.72732510,NOT ALERT
5/3/2020 11:03:23 PM,NEWSOM STATION RD / HIGHWAY 70,36.09161436,-86.98699553,ELECTRICAL HAZARD
5/3/2020 11:04:52 PM,830 GLASTONBURY RD,36.13481453,-86.70083660,SMALL OUTSIDE FIRE
5/3/2020 11:05:19 PM,1485 DOLAN RD,36.18302831,-86.84348712,ELECTRICAL HAZARD
5/3/2020 11:07:51 PM,1800 WILSON CAMP CIR,36.24234442,-86.66556797,DIFFICULTY SPEAKING BETWEEN BREATHS COPD
5/3/2020 11:12:56 PM,101 FOOTHILL CT,36.13198078,-86.71941243,ABNORMAL BREATHING OTHER LUNG PROBLEMS
5/3/2020 11:18:12 PM,ANDREW JACKSON PKWY / ANDREW JACKSON PL,36.20448777,-86.60642732,ELECTRICAL HAZARD
5/3/2020 11:20:26 PM,700 N DUPONT AV,36.26614149,-86.69518635,CITIZEN ASSIST  NON MEDICAL
5/3/2020 11:20:34 PM,ANDREW JACKSON PKWY / STONERS GLEN DR,36.19274288,-86.60683669,MVA OTHER HAZARDS
5/3/2020 11:22:09 PM,3910 CENTRAL PKE,36.17353580,-86.60326303,NOT ALERT ASTHMA
5/3/2020 11:24:58 PM,406 ENGLISH IVY DR,36.04455408,-86.72851409,SICK PERSON: NOT ALERT
5/3/2020 11:26:54 PM,20TH AV N / STATE ST,36.15438359,-86.80153973,UNKNOWN STATUS
5/3/2020 11:29:24 PM,4508 PRICE CIRCLE RD ,36.13148135,-86.86347281,MEDICAL ALARM NOTIFICATION
5/3/2020 11:30:49 PM,2ND AV N / JUNIOR GILLIAM WAY,36.17440126,-86.78302399,CHEST PAIN - CLAMMY OR COLD SWEATS
5/3/2020 11:31:14 PM,7533 LORDS CHAPEL DR,36.02683380,-86.70839299,GENERAL ALARM HIGH LIFE HAZARD
5/3/2020 11:39:35 PM,2022 ROSA L PARKS BLVD,36.18836237,-86.79808982,TRAUMATIC INJURIES NOT DANGEROUS BODY AREA
5/3/2020 11:40:18 PM,3225 CREEKWOOD DR,36.23296451,-86.77129723,NON SUICIDAL AND ALERT
5/3/2020 11:40:18 PM,1316 TULIP GROVE RD,36.17497254,-86.59562880,GENERAL ALARM APARTMENT
5/3/2020 11:42:00 PM,115 NEWELL AV,36.27127303,-86.66498511,HEART PROBLEMS CLAMMY OR COLD SWEATS
5/3/2020 11:42:08 PM,2022 ROSA L PARKS BLVD,36.18836237,-86.79808982,REQUEST ADDITIONAL FIRE RESOURCES
5/3/2020 11:45:17 PM,2284 MURFREESBORO PKE,36.08840541,-86.64748049,WATERFLOW ALARM COMMERCIAL COMMERCIAL   INDUSTRIAL BUILD
5/3/2020 11:50:16 PM,5029 SUTER DR,36.07068561,-86.73771847,ELECTRICAL HAZARD
5/3/2020 11:51:33 PM,301 28TH AV N,36.14730452,-86.81457547,ABNORMAL BREATHING
5/3/2020 11:51:51 PM,2812 HILLSIDE DR,36.13359706,-86.81318234,CARBON MONOXIDE ALARM HOUSE
5/3/2020 11:52:44 PM,6767 BROOKMONT TER,36.08260850,-86.89770804,DIABETIC: NOT ALERT
5/3/2020 11:53:07 PM,2916 WINDEMERE CIR,36.18690222,-86.67380583,CARBON MONOXIDE ALARM HOUSE
5/3/2020 11:58:29 PM,2618 ESSEX PL,36.13271910,-86.81079087,ELECTRICAL HAZARD
5/3/2020 11:59:51 PM,304 ELMINGTON AV,36.13302839,-86.82220071,ELECTRICAL HAZARD
5/4/2020 12:05:58 AM,2011 HAYES ST ,36.15183909,-86.80079126,PULL STATION ALARM COMMERCIAL   INDUSTRIAL BUILD
5/4/2020 12:09:25 AM,5820 LABRADOR LN,36.03186688,-86.71138431,ELECTRICAL HAZARD
5/4/2020 12:12:37 AM,1301 NEELYS BEND RD,36.24066773,-86.67312639,FALL - NOT ON STAIRS
5/4/2020 12:21:00 AM,625 BENTON AV,36.13138384,-86.77062846,HIGH RISE NATURAL GAS ODOR
5/4/2020 12:21:32 AM,518 BRENTLAWN DR,36.06436167,-86.76119919,UNKNOWN STATUS
5/4/2020 12:22:47 AM,517 ALBANY DR,36.21275421,-86.60043136,ELECTRICAL HAZARD
5/4/2020 12:27:52 AM,639 LAFAYETTE ST,36.15376939,-86.77752016,SICK PERSON: NO PRIORITY SYMPTOMS
5/4/2020 12:29:50 AM,2011 HAYES ST ,36.15183909,-86.80079126,PULL STATION ALARM COMMERCIAL   INDUSTRIAL BUILD

